epsilon,certificate,pgd,aa,lirpa_alphacrown,lirpa_betacrown,sdp,time_cra,time_pgd,time_aa,time_lirpa_alpha,time_lirpa_beta,time_sdp
0.005,99.25373134328358,100.0,99.25373134328358,65.5,0,66.5,0.0,0.0,0.153,3.535,0,14.585
0.057368,90.29850746268657,99.25373134328358,91.04477611940298,1.0,0,58.5,0.0,0.0,0.157,7.44,0,17.317
0.109737,74.6268656716418,96.26865671641791,78.35820895522389,0.0,0,49.0,0.0,0.001,0.155,7.437,0,19.348
0.162105,60.447761194029844,94.02985074626866,68.65671641791045,0.0,0,39.0,0.0,0.001,0.154,7.494,0,19.869
0.214474,54.47761194029851,88.80597014925374,56.71641791044776,0.0,0,32.5,0.0,0.001,0.154,7.449,0,19.091
0.266842,41.04477611940299,85.07462686567165,52.23880597014925,0.0,0,27.0,0.0,0.001,0.154,7.452,0,18.921
0.319211,34.32835820895522,69.40298507462687,41.04477611940299,0.0,0,21.5,0.0,0.001,0.152,7.42,0,18.164
